<?xml version="1.0" encoding="utf-8"?>
<extension version="4" type="plugin" group="system" method="upgrade">
	<name>Cookie Consent for DPR/CPRA/CCPA | Securiti</name>
	<author>PrivacyCenter.cloud</author>
	<creationDate>January 2021</creationDate>
	<copyright>Copyright (C) 2023 PrivacyCenter.cloud</copyright>
	<license>GNU General Public License version 2 or later</license>
	<authorEmail>support@securiti.ai</authorEmail>
	<authorUrl>PrivacyCenter.cloud</authorUrl>
	<version>1.1.1</version>
	<description>
		<![CDATA[
        <div style="background:white;padding:10px;color:black">
        <h1 style="text-align:left; font-weight: bold; margin-bottom:20px">Cookie Consent for GDPR/CPRA/CCPA | PrivacyCenter.cloud</h1>

        <div style="display: flex;">
            <div style="vertical-align: top; background: #ffffff; width:50%; display:inline-block">
                <div>
                    <div>
                        <h3 style="textTransform: none; color: #1f2228">Getting Started with PrivacyCenter.cloud
                        </h3>
                        <p>This component of the PrivacyCenter.cloud plugin requires a freemium account.</p>
                        <a href="https://securiti.ai/privacy-center/pricing/?utm_source=joomla&utm_medium=referral&utm_campaign=privacy_center_product" style="display: inline-block; text-align: center; vertical-align: middle; -webkit-user-select: none; user-select: none; transition: 0.2s ease-in-out; padding: 9px 36px; font-size: 14px; color: #ffffff; background-color: #1C1A34; border-radius: 3px; text-decoration: none; line-height: 1.4; cursor: pointer; border: 2px solid transparent; background-color: #1ca8dd;" target="_blank" rel="noopener noreferrer">
                            Sign up for Free
                        </a>
                    </div>

                    <hr/>

                    <div>
                        <p>
                            Once you sign up, follow the steps that are mentioned in this <a href="https://securiti.ai/cookie-consent-integrations/joomla/?utm_source=joomla&utm_medium=referral&utm_campaign=privacy_center_product" target="_blank" rel="noopener noreferrer">guide</a> to generate the cookie consent script.
                        </p>
                    </div>
                </div>
                <hr/>
                <div>
                    <h3 style="color: #1f2228">WHAT TO EXPECT</h3>
                    <p style="">PrivacyCenter.cloud automatically deploys the Cookie Consent script onto your site to enable visitors to provide or withdraw consent.</p>
                    <hr/>
                    <h3 style="color: #1f2228">DISCLAIMER</h3>
                    <p>Use of this plugin does not, by itself, ensure compliance with legal requirements related to cookies</p>
                </div>
            </div>

            <div style="background: #ffffff; margin-top:0; margin-left: 30px; width:50%; display:inline-block">
                <div style="display:flex;gap:10px">
                <a href="https://app.securiti.ai/#/consent/" style="display: block; text-align: center; vertical-align: middle; -webkit-user-select: none; user-select: none; transition: 0.2s ease-in-out; padding: 9px 36px; font-size: 14px; color: #ffffff; background-color: #1C1A34; border-radius: 3px; text-decoration: none; line-height: 1.4; cursor: pointer; border: 2px solid transparent; background-color: #1ca8dd; width:50%;" target="_blank" rel="noopener noreferrer">Access PrivacyCenter.cloud Account</a>

                <a href="https://securiti.ai/privacy-center/pricing/?utm_source=joomla&utm_medium=referral&utm_campaign=privacy_center_product" style="display: block;  text-align: center; vertical-align: middle; -webkit-user-select: none; user-select: none; transition: 0.2s ease-in-out; padding: 9px 36px; font-size: 14px; color: #ffffff; background-color: #1C1A34; border-radius: 3px; text-decoration: none; line-height: 1.4; cursor: pointer; border: 2px solid transparent; background-color: #1ca8dd; width:50%;" target="_blank" rel="noopener noreferrer">Create PrivacyCenter.cloud Account</a>
                </div>
                <hr/>

                <h3 style="color: #1f2228">GET HELP</h3>
                <p>Reach out to us by joining our <a href="https://join.slack.com/t/privacycentercloud/shared_invite/zt-1pmkm4oib-twu0UZthcmfCNs6lqoQ9gQ" target="_blank" rel="noopener noreferrer">Slack community</a>.</p>

                <hr/>

                <h3 style="color: #1f2228">HOW DO I UPGRADE FROM THE FREE EDITION</h3>
                <p style="marginBottom: '1rem'">Upgrade to Pro, Business or Enterprise Plan</p>

                <p>Subscription by purchasing it on our <a style="color: #1ca8dd" href="https://securiti.ai/privacy-center/pricing/?utm_source=joomla&utm_medium=referral&utm_campaign=privacy_center_pricing" target="_blank" rel="noopener noreferrer">pricing page.</a> Simply follow the checkout process, enter your payment details to upgrade your account</p>

                <hr/>

                <h3 style="color: #1f2228">ABOUT PRIVACYCENTER.CLOUD</h3>
                <p>PrivacyCenter.cloud is an all-in-one solution that helps you set up a fully functional privacy center in minutes to automate your key privacy functions. It is not only the Consent Management Platform, but the tool also helps you manage Privacy Notices, Cookies & 3rd party consent, User Preferences, Individual Rights Requests, Do Not Sell and Do Not Track Signals.</p>
                <p>To learn more, visit <a style="color: #1ca8dd" href="https://PrivacyCenter.cloud/?utm_source=joomla&utm_medium=referral&utm_campaign=cookie_consent_management_product_banner" target="_blank" rel="noopener noreferrer">privacycenter.cloud</a></p>
            </div>
        </div>
        </div>
        ]]>
	</description>




	<files>
		<filename plugin="securiti_ai_cookie_consent">securiti_ai_cookie_consent.php</filename>
	</files>

	<config>
		<fields name="params">
			<fieldset name="basic">
				<field
                    name="securiti_ai_cookie_consent_code"
                    type="textarea"
                    label="Insert the code from PrivacyCenter.cloud here."
                    default=""
                    class="span12"
                    rows="7"
                    cols="20"
                    filter="RAW"
				/>
			</fieldset>
		</fields>
	</config>

    <updateservers>
		<!--
		<server type="extension" priority="1" name="SECURITI.ai Cookie Consent Update">URL for the securiti_ai_cookie_consent_update.xml</server>
		-->
		<server type="extension" priority="1" name="SECURITI.ai Cookie Consent Update">https://raw.githubusercontent.com/securitiai/cookie-consent-joomla-extension/main/securiti_ai_cookie_consent_update.xml</server>

	</updateservers>

</extension>
