<?xml version="1.0" encoding="utf-8"?>
<updates>
    <update>
        <name>SECURITI.ai Cookie Consent</name>
        <description>SECURITI.ai Cookie Consent Update</description>
        <element>securiti_ai_cookie_consent</element>
        <type>plugin</type>
        <version>1.1.1</version>
        <folder>system</folder>

        <!--
          <infourl title="SECURITI.ai Cookie Consent v1.1.0">URL for the description of SECURITI.ai Cookie Consent v1.1.0</infourl>
        -->
        <infourl title="SECURITI.ai Cookie Consent v1.1.1">https://securiti.ai/privaci/cookie-consent-management/</infourl>

        <downloads>

            <!--
               <downloadurl type="full" format="zip">URL for the securiti_ai_cookie_consent v1.1.0.zip</downloadurl>
            -->
            <downloadurl type="full" format="zip">https://github.com/securitiai/cookie-consent-joomla-extension/raw/main/securiti-cookie-consent-joomla-extension.zip</downloadurl>

        </downloads>
        <tags>
            <tag>stable</tag>
        </tags>
        <targetplatform name="joomla" version="((3\.9)|(4\.0))" />
        <client>site</client>
        <php_minimum>7.2</php_minimum>
    </update>
</updates>